﻿<?xml version="1.0" encoding="utf-8" ?>
<TrustFrameworkPolicy xmlns:xsi="http://www.w3.org/2001/XMLSchema-instance" 
  xmlns:xsd="http://www.w3.org/2001/XMLSchema" 
  xmlns="http://schemas.microsoft.com/online/cpim/schemas/2013/06" PolicySchemaVersion="0.3.0.0" TenantId="yourtenant.onmicrosoft.com" PolicyId="B2C_1A_phone_SUSI" PublicPolicyUri="http://yourtenant.onmicrosoft.com/B2C_1A_phone_SUSI">

  <BasePolicy>
    <TenantId>yourtenant.onmicrosoft.com</TenantId>
    <PolicyId>B2C_1A_TrustFrameworkExtensions</PolicyId>
  </BasePolicy>
  <BuildingBlocks>
    <ClaimsSchema>
      <ClaimType Id="signInNames.phoneNumber">
        <DisplayName>Phone</DisplayName>
        <DataType>string</DataType>
        <UserHelpText>Phone number to use for signing in.</UserHelpText>
        <UserInputType>TextBox</UserInputType>
      </ClaimType>
      <ClaimType Id="signInName">
        <DisplayName>Enter your Phone Number</DisplayName>
        <DataType>string</DataType>
       <UserHelpText>Phone Number +XXXXXXXXXXX</UserHelpText>
        <UserInputType>TextBox</UserInputType>
      </ClaimType>
    </ClaimsSchema>
    <ClaimsTransformations>
      <ClaimsTransformation Id="CopySignInNameIntostrongAuthenticationPhoneNumber" TransformationMethod="FormatStringClaim">
        <InputClaims>
          <InputClaim ClaimTypeReferenceId="signInName" TransformationClaimType="inputClaim" />
        </InputClaims>
        <InputParameters>
          <InputParameter Id="stringFormat" DataType="string" Value="{0}" />
        </InputParameters>
        <OutputClaims>
          <OutputClaim ClaimTypeReferenceId="strongAuthenticationPhoneNumber" TransformationClaimType="outputClaim" />
        </OutputClaims>
      </ClaimsTransformation>
      <ClaimsTransformation Id="CreateRandomUPNUserName" TransformationMethod="CreateRandomString">
        <InputParameters>
          <InputParameter Id="randomGeneratorType" DataType="string" Value="GUID" />
        </InputParameters>
        <OutputClaims>
          <OutputClaim ClaimTypeReferenceId="upnUserName" TransformationClaimType="outputClaim" />
        </OutputClaims>
      </ClaimsTransformation>
      <ClaimsTransformation Id="CreateCustomUserIdForMFA" TransformationMethod="FormatStringClaim">
        <InputClaims>
          <InputClaim ClaimTypeReferenceId="upnUserName" TransformationClaimType="inputClaim" />
        </InputClaims>
        <InputParameters>
          <InputParameter Id="stringFormat" DataType="string" Value="{0}@{RelyingPartyTenantId}" />
        </InputParameters>
        <OutputClaims>
          <OutputClaim ClaimTypeReferenceId="userIdForMFA" TransformationClaimType="outputClaim" />
        </OutputClaims>
      </ClaimsTransformation>
    </ClaimsTransformations>
  </BuildingBlocks>

  <ClaimsProviders>
    <ClaimsProvider>
      <DisplayName>Username based Sign In</DisplayName>
      <TechnicalProfiles>
        <TechnicalProfile Id="SelfAsserted-LocalAccountSignin-Username">
          <DisplayName>Local Account Signin</DisplayName>
          <Protocol Name="Proprietary" Handler="Web.TPEngine.Providers.SelfAssertedAttributeProvider, Web.TPEngine, Version=1.0.0.0, Culture=neutral, PublicKeyToken=null" />
          <Metadata>
            <Item Key="ContentDefinitionReferenceId">api.selfasserted</Item>
          </Metadata>
          <IncludeInSso>false</IncludeInSso>
          <InputClaims>
            <InputClaim ClaimTypeReferenceId="signInName" />
          </InputClaims>
          <OutputClaims>
            <OutputClaim ClaimTypeReferenceId="signInName" Required="true" />
            <OutputClaim ClaimTypeReferenceId="objectId" Required="false" />
            <OutputClaim ClaimTypeReferenceId="displayname" />
          </OutputClaims>
          <ValidationTechnicalProfiles>
            <ValidationTechnicalProfile ReferenceId="AAD-UserReadUsingPhoneNumber" />
          </ValidationTechnicalProfiles>
          <UseTechnicalProfileForSessionManagement ReferenceId="SM-AAD" />
        </TechnicalProfile>


        <TechnicalProfile Id="AAD-UserReadUsingPhoneNumber">
          <Metadata>
            <Item Key="Operation">Read</Item>
            <Item Key="RaiseErrorIfClaimsPrincipalDoesNotExist">false</Item>
          </Metadata>
          <IncludeInSso>false</IncludeInSso>
          <InputClaims>
            <InputClaim ClaimTypeReferenceId="signInName" PartnerClaimType="signInNames" Required="true" />
          </InputClaims>
          <OutputClaims>
            <!-- Required claims -->
            <OutputClaim ClaimTypeReferenceId="objectId" />
            <OutputClaim ClaimTypeReferenceId="authenticationSource" DefaultValue="localAccountAuthentication" />

            <OutputClaim ClaimTypeReferenceId="signInNames.phoneNumber" />

            <!-- Optional claims -->
            <OutputClaim ClaimTypeReferenceId="userPrincipalName" />
            <OutputClaim ClaimTypeReferenceId="displayname" />
          </OutputClaims>
          <IncludeTechnicalProfile ReferenceId="AAD-Common" />
        </TechnicalProfile>

        <TechnicalProfile Id="AAD-UserWritePhoneNumberUsingObjectId">
          <Metadata>
            <Item Key="Operation">Write</Item>
            <Item Key="RaiseErrorIfClaimsPrincipalAlreadyExists">false</Item>
            <Item Key="RaiseErrorIfClaimsPrincipalDoesNotExist">true</Item>
          </Metadata>
          <IncludeInSso>false</IncludeInSso>
          <InputClaims>
            <InputClaim ClaimTypeReferenceId="objectId" Required="true" />
          </InputClaims>
          <PersistedClaims>
            <PersistedClaim ClaimTypeReferenceId="objectId" />
            <PersistedClaim ClaimTypeReferenceId="Verified.strongAuthenticationPhoneNumber" PartnerClaimType="strongAuthenticationPhoneNumber" />
          </PersistedClaims>
          <IncludeTechnicalProfile ReferenceId="AAD-Common" />
        </TechnicalProfile>

        <!-- The following technical profile is used to read data after user authenticates. -->
        <TechnicalProfile Id="AAD-UserReadUsingObjectId">
          <Metadata>
            <Item Key="Operation">Read</Item>
            <Item Key="RaiseErrorIfClaimsPrincipalDoesNotExist">true</Item>
          </Metadata>
          <OutputClaims>
            <OutputClaim ClaimTypeReferenceId="displayName" />
            <OutputClaim ClaimTypeReferenceId="otherMails" />
            <OutputClaim ClaimTypeReferenceId="givenName" />
            <OutputClaim ClaimTypeReferenceId="surname" />
            <OutputClaim ClaimTypeReferenceId="strongAuthenticationPhoneNumber" PartnerClaimType="signInNames.phoneNumber" />
          </OutputClaims>
          <IncludeTechnicalProfile ReferenceId="AAD-Common" />
        </TechnicalProfile>

      </TechnicalProfiles>
    </ClaimsProvider>

    <ClaimsProvider>
      <DisplayName>PhoneFactor</DisplayName>
      <TechnicalProfiles>
        <TechnicalProfile Id="PhoneFactor-InputOrVerify-PhoneLogon">
          <DisplayName>PhoneFactor</DisplayName>
          <Protocol Name="Proprietary" Handler="Web.TPEngine.Providers.PhoneFactorProtocolProvider, Web.TPEngine, Version=1.0.0.0, Culture=neutral, PublicKeyToken=null" />
          <Metadata>
            <Item Key="ContentDefinitionReferenceId">api.phonefactor</Item>
            <Item Key="ManualPhoneNumberEntryAllowed">true</Item>
          </Metadata>
          <CryptographicKeys>
            <Key Id="issuer_secret" StorageReferenceId="B2C_1A_TokenSigningKeyContainer" />
          </CryptographicKeys>
          <InputClaimsTransformations>
            <InputClaimsTransformation ReferenceId="CreateRandomUPNUserName" />
            <InputClaimsTransformation ReferenceId="CreateCustomUserIdForMFA" />
            <InputClaimsTransformation ReferenceId="CopySignInNameIntostrongAuthenticationPhoneNumber" />
          </InputClaimsTransformations>
          <InputClaims>
            <InputClaim ClaimTypeReferenceId="userIdForMFA" PartnerClaimType="UserId" />
            <InputClaim ClaimTypeReferenceId="strongAuthenticationPhoneNumber" PartnerClaimType="signInName" />
          </InputClaims>
          <OutputClaims>
            <OutputClaim ClaimTypeReferenceId="Verified.strongAuthenticationPhoneNumber" PartnerClaimType="Verified.OfficePhone" />
            <OutputClaim ClaimTypeReferenceId="newPhoneNumberEntered" PartnerClaimType="newPhoneNumberEntered" />
          </OutputClaims>
          <UseTechnicalProfileForSessionManagement ReferenceId="SM-MFA" />
        </TechnicalProfile>
      </TechnicalProfiles>
    </ClaimsProvider>

    <ClaimsProvider>
      <DisplayName>Username based Sign Up</DisplayName>
      <TechnicalProfiles>
        <TechnicalProfile Id="AAD-UserWriteUsingLogonName">
          <Metadata>
            <Item Key="Operation">Write</Item>
            <Item Key="RaiseErrorIfClaimsPrincipalAlreadyExists">true</Item>
          </Metadata>
          <InputClaims>
            <InputClaim ClaimTypeReferenceId="signInName" PartnerClaimType="signInNames.phoneNumber" Required="true" />
          </InputClaims>
          <PersistedClaims>
            <PersistedClaim ClaimTypeReferenceId="signInName" PartnerClaimType="signInNames.phoneNumber" />
            <PersistedClaim ClaimTypeReferenceId="displayName" DefaultValue="unknown"/>
          </PersistedClaims>
          <OutputClaims>
            <OutputClaim ClaimTypeReferenceId="objectId" />
            <OutputClaim ClaimTypeReferenceId="newUser" DefaultValue="True"/>
            <OutputClaim ClaimTypeReferenceId="authenticationSource" DefaultValue="localAccountAuthentication" />
            <OutputClaim ClaimTypeReferenceId="userPrincipalName" />
          </OutputClaims>
          <IncludeTechnicalProfile ReferenceId="AAD-Common" />
          <UseTechnicalProfileForSessionManagement ReferenceId="SM-AAD" />
        </TechnicalProfile>

        <TechnicalProfile Id="SelfAsserted-NewUser">
          <DisplayName>User ID signup</DisplayName>
          <Protocol Name="Proprietary" Handler="Web.TPEngine.Providers.SelfAssertedAttributeProvider, Web.TPEngine, Version=1.0.0.0, Culture=neutral, PublicKeyToken=null" />
          <Metadata>
            <Item Key="ContentDefinitionReferenceId">api.selfasserted</Item>
          </Metadata>
          <CryptographicKeys>
            <Key Id="issuer_secret" StorageReferenceId="B2C_1A_TokenSigningKeyContainer" />
          </CryptographicKeys>
          <OutputClaims>
            <!-- These claims are not shown to the user because their value is obtained through the "ValidationTechnicalProfiles"
                 referenced below, or a default value is assigned to the claim. A claim is only shown to the user to provide a 
                 value if its value cannot be obtained through any other means. -->
            <OutputClaim ClaimTypeReferenceId="objectId" />
            <OutputClaim ClaimTypeReferenceId="executed-SelfAsserted-Input" DefaultValue="true" />

            <!-- Optional claims. These claims are collected from the user and can be modified. If a claim is to be persisted in the directory after having been 
                 collected from the user, it needs to be added as a PersistedClaim in the ValidationTechnicalProfile referenced below, i.e. 
                 in AAD-UserWriteUsingAlternativeSecurityId. -->
            <OutputClaim ClaimTypeReferenceId="displayName" />
            <OutputClaim ClaimTypeReferenceId="surName" />
            <OutputClaim ClaimTypeReferenceId="GivenName" />
          </OutputClaims>
          <ValidationTechnicalProfiles>
            <ValidationTechnicalProfile ReferenceId="AAD-NewUser-WriteProfile" />
          </ValidationTechnicalProfiles>
        </TechnicalProfile>

        <TechnicalProfile Id="AAD-NewUser-WriteProfile">
          <Metadata>
            <Item Key="Operation">Write</Item>
            <Item Key="RaiseErrorIfClaimsPrincipalAlreadyExists">false</Item>
          </Metadata>
          <IncludeInSso>false</IncludeInSso>
          <InputClaims>
            <InputClaim ClaimTypeReferenceId="objectId"/>
          </InputClaims>
          <PersistedClaims>
            <PersistedClaim ClaimTypeReferenceId="displayName" DefaultValue="unknown" />
            <PersistedClaim ClaimTypeReferenceId="givenName" />
            <PersistedClaim ClaimTypeReferenceId="surname" />
            <PersistedClaim ClaimTypeReferenceId="userPrincipalName" />
            <PersistedClaim ClaimTypeReferenceId="objectId" />
          </PersistedClaims>
          <OutputClaims>
            <OutputClaim ClaimTypeReferenceId="objectId"/>
          </OutputClaims>
          <IncludeTechnicalProfile ReferenceId="AAD-Common" />
          <UseTechnicalProfileForSessionManagement ReferenceId="SM-AAD" />
        </TechnicalProfile>

      </TechnicalProfiles>
    </ClaimsProvider>
  </ClaimsProviders>

  <UserJourneys>
    <UserJourney Id="SignInUp">
      <OrchestrationSteps>

        <OrchestrationStep Order="1" Type="ClaimsExchange">
          <ClaimsExchanges>
            <ClaimsExchange Id="SignIn" TechnicalProfileReferenceId="SelfAsserted-LocalAccountSignin-Username" />
          </ClaimsExchanges>
        </OrchestrationStep>

        <!-- Phone verification: If MFA is not required, the next three steps (#5-#7) should be removed.
             This step checks whether there's a phone number on record,  for the user. If found, then the user is challenged to verify it. -->
        <OrchestrationStep Order="2" Type="ClaimsExchange">
          <Preconditions>
            <Precondition Type="ClaimsExist" ExecuteActionsIf="true">
              <Value>isActiveMFASession</Value>
              <Action>SkipThisOrchestrationStep</Action>
            </Precondition>
          </Preconditions>
          <ClaimsExchanges>
            <ClaimsExchange Id="PhoneFactor-Verify" TechnicalProfileReferenceId="PhoneFactor-InputOrVerify-PhoneLogon" />
          </ClaimsExchanges>
        </OrchestrationStep>

        <OrchestrationStep Order="3" Type="ClaimsExchange">
          <Preconditions>
            <Precondition Type="ClaimsExist" ExecuteActionsIf="true">
              <Value>objectId</Value>
              <Action>SkipThisOrchestrationStep</Action>
            </Precondition>
          </Preconditions>
          <ClaimsExchanges>
            <ClaimsExchange Id="AADUserWriteUser" TechnicalProfileReferenceId="AAD-UserWriteUsingLogonName" />
          </ClaimsExchanges>
        </OrchestrationStep>

        <!-- Save MFA phone number: The precondition verifies whether the user provided a new number in the 
             previous step. If so, then the phone number is stored in the directory for future authentication 
             requests. -->
        <OrchestrationStep Order="4" Type="ClaimsExchange">
          <Preconditions>
            <Precondition Type="ClaimsExist" ExecuteActionsIf="false">
              <Value>newPhoneNumberEntered</Value>
              <Action>SkipThisOrchestrationStep</Action>
            </Precondition>
          </Preconditions>
          <ClaimsExchanges>
            <ClaimsExchange Id="AADUserWriteWithObjectId" TechnicalProfileReferenceId="AAD-UserWritePhoneNumberUsingObjectId" />
          </ClaimsExchanges>
        </OrchestrationStep>


        <OrchestrationStep Order="5" Type="ClaimsExchange">
          <Preconditions>
            <Precondition Type="ClaimsExist" ExecuteActionsIf="false">
              <Value>newUser</Value>
              <Action>SkipThisOrchestrationStep</Action>
            </Precondition>
          </Preconditions>
          <ClaimsExchanges>
            <ClaimsExchange Id="NewUserProfileUpdate" TechnicalProfileReferenceId="SelfAsserted-NewUser" />
          </ClaimsExchanges>
        </OrchestrationStep>

        <OrchestrationStep Order="6" Type="SendClaims" CpimIssuerTechnicalProfileReferenceId="JwtIssuer" />

      </OrchestrationSteps>
      <ClientDefinition ReferenceId="DefaultWeb" />
    </UserJourney>
  </UserJourneys>
  <RelyingParty>
    <DefaultUserJourney ReferenceId="SignInUp" />
    <UserJourneyBehaviors>
      <JourneyInsights TelemetryEngine="ApplicationInsights" InstrumentationKey="35211660-d7c2-4f92-bd15-b432c1d19169" DeveloperMode="true" ClientEnabled="false" ServerEnabled="true" TelemetryVersion="1.0.0" />
    </UserJourneyBehaviors>
    <TechnicalProfile Id="PolicyProfile">
      <DisplayName>PolicyProfile</DisplayName>
      <Protocol Name="OpenIdConnect" />
      <OutputClaims>
        <OutputClaim ClaimTypeReferenceId="signinname" />
        <OutputClaim ClaimTypeReferenceId="objectId" PartnerClaimType="sub"/>
        <OutputClaim ClaimTypeReferenceId="displayname" />
        <OutputClaim ClaimTypeReferenceId="newUser" />
      </OutputClaims>
      <SubjectNamingInfo ClaimType="sub" />
    </TechnicalProfile>
  </RelyingParty>
</TrustFrameworkPolicy>
